highlight_title,shortcode,caption,caption_hashtags,caption_mentions,post_date,post_type
2025 Auditions,DGufCSTyGPi,No caption,No hashtags,No mentions,2025-03-03,Unknown Type
Minion Land,DGf0R76SRos,No caption,No hashtags,No mentions,2025-02-25,Unknown Type
Minion Land,DGS3-PPyJfm,No caption,No hashtags,No mentions,2025-02-20,Unknown Type
Minion Land,DGS3PIYyfEx,No caption,No hashtags,No mentions,2025-02-20,Unknown Type
Minion Land,DGP-HDwyyLQ,No caption,No hashtags,No mentions,2025-02-19,Unknown Type
Minion Land,DGPMaOnyCCk,No caption,No hashtags,No mentions,2025-02-19,Unknown Type
Minion Land,DGO-lNWyTat,No caption,No hashtags,No mentions,2025-02-19,Unknown Type
Minion Land,DGKye_CSfhn,No caption,No hashtags,No mentions,2025-02-17,Unknown Type
Minion Land,DGKLH0kSqMD,No caption,No hashtags,No mentions,2025-02-17,Unknown Type
Minion Land,DGH3znXyhOB,No caption,No hashtags,No mentions,2025-02-16,Unknown Type
Minion Land,DGGfOqry3hZ,No caption,No hashtags,No mentions,2025-02-15,Unknown Type
Minion Land,DGGfKSfyMeP,No caption,No hashtags,No mentions,2025-02-15,Unknown Type
Minion Land,DGFaFWySfn6,No caption,No hashtags,No mentions,2025-02-15,Unknown Type
Minion Land,DGFaDRcSyf0,No caption,No hashtags,No mentions,2025-02-15,Unknown Type
Minion Land,DGFQrqfyny7,No caption,No hashtags,No mentions,2025-02-15,Unknown Type
Minion Land,DGFQh2aSHOR,No caption,No hashtags,No mentions,2025-02-15,Unknown Type
Minion Land,DGFQX63SG_T,No caption,No hashtags,No mentions,2025-02-15,Unknown Type
Minion Land,DGFQBVryyym,No caption,No hashtags,No mentions,2025-02-15,Unknown Type
Minion Land,DGFP-6uy52F,No caption,No hashtags,No mentions,2025-02-15,Unknown Type
Minion Land,DGFPkJ3y5HP,No caption,No hashtags,No mentions,2025-02-15,Unknown Type
Minion Land,DGFPWwRyUAB,No caption,No hashtags,No mentions,2025-02-15,Unknown Type
Minion Land,DGFPSevSFYa,No caption,No hashtags,No mentions,2025-02-15,Unknown Type
Minion Land,DGFPES5yvj0,No caption,No hashtags,No mentions,2025-02-15,Unknown Type
Minion Land,DGFPCYfSbtn,No caption,No hashtags,No mentions,2025-02-15,Unknown Type
Minion Land,DGDBVLdyRoG,No caption,No hashtags,No mentions,2025-02-14,Unknown Type
Minion Land,DGCld3dxpMJ,No caption,No hashtags,No mentions,2025-02-14,Unknown Type
Minion Land,DGClXf6Rmgp,No caption,No hashtags,No mentions,2025-02-14,Unknown Type
Minion Land,DGClSFjRggM,No caption,No hashtags,No mentions,2025-02-14,Unknown Type
Minion Land,DGClL-GxrK8,No caption,No hashtags,No mentions,2025-02-14,Unknown Type
Minion Land,DGAnS3iSC2V,No caption,No hashtags,No mentions,2025-02-13,Unknown Type
Minion Land,DF-AOsySChS,No caption,No hashtags,No mentions,2025-02-12,Unknown Type
Minion Land,DF-ABkXSzVU,No caption,No hashtags,No mentions,2025-02-12,Unknown Type
Minion Land,DF7AsjkyTR8,No caption,No hashtags,No mentions,2025-02-11,Unknown Type
Minion Land,DF4WgdNSAJw,No caption,No hashtags,No mentions,2025-02-10,Unknown Type
Minion Land,DFxwmQ8SgWQ,No caption,No hashtags,No mentions,2025-02-07,Unknown Type
Minion Land,DFxwluBS1aB,No caption,No hashtags,No mentions,2025-02-07,Unknown Type
Minion Land,DFxwlElyflz,No caption,No hashtags,No mentions,2025-02-07,Unknown Type
Minion Land,DFxwkiLSq9e,No caption,No hashtags,No mentions,2025-02-07,Unknown Type
Minion Land,DFxwj70SSmk,No caption,No hashtags,No mentions,2025-02-07,Unknown Type
Minion Land,DFxwjQTyQ6Y,No caption,No hashtags,No mentions,2025-02-07,Unknown Type
Minion Land,DFxwinpSIKd,No caption,No hashtags,No mentions,2025-02-07,Unknown Type
Minion Land,DFxwh5aydCe,No caption,No hashtags,No mentions,2025-02-07,Unknown Type
Minion Land,DFxwg_rS4fK,No caption,No hashtags,No mentions,2025-02-07,Unknown Type
Minion Land,DFu4magSY8o,No caption,No hashtags,No mentions,2025-02-06,Unknown Type
Minion Land,DFrKlM0SwR4,No caption,No hashtags,No mentions,2025-02-05,Unknown Type
Minion Land,DFnZn2Xy7eq,No caption,No hashtags,No mentions,2025-02-03,Unknown Type
Minion Land,DFh_tX7yDrY,No caption,No hashtags,No mentions,2025-02-01,Unknown Type
Minion Land,DFdEqk5yNSJ,No caption,No hashtags,No mentions,2025-01-30,Unknown Type
Minion Land,DFXafazyCfX,No caption,No hashtags,No mentions,2025-01-28,Unknown Type
Minion Land,DFFE_akSgnR,No caption,No hashtags,No mentions,2025-01-21,Unknown Type
Minion Land,DFEr6qgyC0F,No caption,No hashtags,No mentions,2025-01-21,Unknown Type
Minion Land,DE_hskKSuAt,No caption,No hashtags,No mentions,2025-01-19,Unknown Type
Minion Land,DE10URaylsm,No caption,No hashtags,No mentions,2025-01-15,Unknown Type
Minion Land,DEciRInytjA,No caption,No hashtags,No mentions,2025-01-05,Unknown Type
Minion Land,DEVO3CAyU48,No caption,No hashtags,No mentions,2025-01-02,Unknown Type
Minion Land,DESOGuyy7sQ,No caption,No hashtags,No mentions,2025-01-01,Unknown Type
Minion Land,DEK1b4qyMp_,No caption,No hashtags,No mentions,2024-12-29,Unknown Type
Minion Land,DD7byk3SGiF,No caption,No hashtags,No mentions,2024-12-23,Unknown Type
Minion Land,DDzxNELytKB,No caption,No hashtags,No mentions,2024-12-20,Unknown Type
Minion Land,DDryHVNy0qn,No caption,No hashtags,No mentions,2024-12-17,Unknown Type
Minion Land,DDq1QTpyvZV,No caption,No hashtags,No mentions,2024-12-17,Unknown Type
Minion Land,DDV-34pSXQT,No caption,No hashtags,No mentions,2024-12-09,Unknown Type
Minion Land,DDVpTJkS10t,No caption,No hashtags,No mentions,2024-12-09,Unknown Type
Minion Land,DDT7BOFyfak,No caption,No hashtags,No mentions,2024-12-08,Unknown Type
Minion Land,DDTsO6bSANt,No caption,No hashtags,No mentions,2024-12-08,Unknown Type
Minion Land,DDN_tPvSXUX,No caption,No hashtags,No mentions,2024-12-06,Unknown Type
Minion Land,DDM2Usnyv0_,No caption,No hashtags,No mentions,2024-12-05,Unknown Type
Minion Land,DCHP6qxycVq,No caption,No hashtags,No mentions,2024-11-08,Unknown Type
Minion Land,DAQMjt0yZcu,No caption,No hashtags,No mentions,2024-09-23,Unknown Type
Minion Land,C-Fuy1JStlC,No caption,No hashtags,No mentions,2024-07-31,Unknown Type
Minion Land,C9_-JcOylSg,No caption,No hashtags,No mentions,2024-07-29,Unknown Type
Minion Land,C9_5AHQSd3U,No caption,No hashtags,No mentions,2024-07-29,Unknown Type
Minion Land,C9_45VtSvd7,No caption,No hashtags,No mentions,2024-07-29,Unknown Type
CNY,DFxwh5aydCe,No caption,No hashtags,No mentions,2025-02-07,Unknown Type
CNY,DFXafazyCfX,No caption,No hashtags,No mentions,2025-01-28,Unknown Type
CNY,DFVf6_rSwqW,No caption,No hashtags,No mentions,2025-01-27,Unknown Type
CNY,DFP5ZKYym1J,No caption,No hashtags,No mentions,2025-01-25,Unknown Type
CNY,DFMITupS_N3,No caption,No hashtags,No mentions,2025-01-24,Unknown Type
CNY,DFH8unpy67y,No caption,No hashtags,No mentions,2025-01-22,Unknown Type
CNY,DFDYNoeSMyQ,No caption,No hashtags,No mentions,2025-01-20,Unknown Type
CNY,DE50-9RT5Zx,No caption,No hashtags,No mentions,2025-01-16,Unknown Type
F&B,DEzPFyYy7_S,No caption,No hashtags,No mentions,2025-01-14,Unknown Type
F&B,DEkfPggSiCR,No caption,No hashtags,No mentions,2025-01-08,Unknown Type
MegatronMuses,C1twfp6yAdu,No caption,No hashtags,No mentions,2024-01-05,Unknown Type
MegatronMuses,CtLHZE5gFH1,No caption,No hashtags,No mentions,2023-06-07,Unknown Type
MegatronMuses,Cs_Lca5gS7x,No caption,No hashtags,No mentions,2023-06-02,Unknown Type
MegatronMuses,CsIj8lxAO4w,No caption,No hashtags,No mentions,2023-05-12,Unknown Type
Fireworks ðŸŽ†,DCEWuFVS70O,No caption,No hashtags,No mentions,2024-11-07,Unknown Type
Fireworks ðŸŽ†,C-99e8GS_fw,No caption,No hashtags,No mentions,2024-08-22,Unknown Type
Fireworks ðŸŽ†,C-saHC0S6EP,No caption,No hashtags,No mentions,2024-08-15,Unknown Type
Fireworks ðŸŽ†,C9UpA09SOp5,No caption,No hashtags,No mentions,2024-07-12,Unknown Type
Fireworks ðŸŽ†,C9UGszNSCWJ,No caption,No hashtags,No mentions,2024-07-12,Unknown Type
Fireworks ðŸŽ†,C9ChmByy-ec,No caption,No hashtags,No mentions,2024-07-05,Unknown Type
Fireworks ðŸŽ†,C8yg1LvSruj,No caption,No hashtags,No mentions,2024-06-29,Unknown Type
Park Updates,DB7htVayxAg,No caption,No hashtags,No mentions,2024-11-04,Unknown Type
Jackson Wang,DBD-2bMSIwk,No caption,No hashtags,No mentions,2024-10-13,Unknown Type
Jackson Wang,DBD-y1pSn4l,No caption,No hashtags,No mentions,2024-10-13,Unknown Type
Jackson Wang,DBB_6BXyJMX,No caption,No hashtags,No mentions,2024-10-12,Unknown Type
Jackson Wang,DBB8LycyW0G,No caption,No hashtags,No mentions,2024-10-12,Unknown Type
Jackson Wang,DBB7MlKSIsY,No caption,No hashtags,No mentions,2024-10-12,Unknown Type
Jackson Wang,DBB410VyoGy,No caption,No hashtags,No mentions,2024-10-12,Unknown Type
Jackson Wang,DBB2xukS470,No caption,No hashtags,No mentions,2024-10-12,Unknown Type
Jackson Wang,DBB12ZZSch3,No caption,No hashtags,No mentions,2024-10-12,Unknown Type
Jackson Wang,DBByv0wyY7r,No caption,No hashtags,No mentions,2024-10-12,Unknown Type
UNIVRS Store,C_2ZJxSSlp0,No caption,No hashtags,No mentions,2024-09-13,Unknown Type
UNIVRS Store,C_2ZHYuSOAQ,No caption,No hashtags,No mentions,2024-09-13,Unknown Type
UNIVRS Store,C_sx0oKSO_0,No caption,No hashtags,No mentions,2024-09-09,Unknown Type
UNIVRS Store,C_mto4iSYAi,No caption,No hashtags,No mentions,2024-09-07,Unknown Type
UNIVRS Store,C_l5Ie3tJ9F,No caption,No hashtags,No mentions,2024-09-06,Unknown Type
UNIVRS Store,C_l5CzgtI3G,No caption,No hashtags,No mentions,2024-09-06,Unknown Type
UNIVRS Store,C_l4_KstHun,No caption,No hashtags,No mentions,2024-09-06,Unknown Type
UNIVRS Store,C_lJj8CyBn-,No caption,No hashtags,No mentions,2024-09-06,Unknown Type
UNIVRS Store,C_lJhAMyiZV,No caption,No hashtags,No mentions,2024-09-06,Unknown Type
UNIVRS Store,C_lJU_Qy855,No caption,No hashtags,No mentions,2024-09-06,Unknown Type
UNIVRS Store,C_kzYOTyWpV,No caption,No hashtags,No mentions,2024-09-06,Unknown Type
UNIVRS Store,C_krS-DyFMv,No caption,No hashtags,No mentions,2024-09-06,Unknown Type
UNIVRS Store,C_korH7yMJz,No caption,No hashtags,No mentions,2024-09-06,Unknown Type
UNIVRS Store,C_khqruS5gz,No caption,No hashtags,No mentions,2024-09-06,Unknown Type
UNIVRS Store,C_khjceSggM,No caption,No hashtags,No mentions,2024-09-06,Unknown Type
UNIVRS Store,C_kRxxtS3yv,No caption,No hashtags,No mentions,2024-09-06,Unknown Type
UNIVRS Store,C_kQ-X_SR0m,No caption,No hashtags,No mentions,2024-09-06,Unknown Type
UNIVRS Store,C_kQ4nCSmyM,No caption,No hashtags,No mentions,2024-09-06,Unknown Type
UNIVRS Store,C-fCAztSYHq,No caption,No hashtags,No mentions,2024-08-10,Unknown Type
UNIVRS Store,C-CsSy2SIr6,No caption,No hashtags,No mentions,2024-07-30,Unknown Type
UNIVRS Store,C912x4Yyln6,No caption,No hashtags,No mentions,2024-07-25,Unknown Type
UNIVRS Store,C9w7HBcyYTg,No caption,No hashtags,No mentions,2024-07-23,Unknown Type
UNIVRS Store,C9we7bHS6r4,No caption,No hashtags,No mentions,2024-07-23,Unknown Type
